Original Word,Transliteration,Root,Telugu Meaning,English Meaning,Part of Speech,Strong's
"שֵׁם","Shem","שֵׁם","పేరు","Name","Noun","H8034"
"בֵּן","Ben","בֵּן","కుమారుడు","Son","Noun","H1121"
"נֶפֶשׁ","Nephesh","נֶפֶשׁ","ప్రాణము/వ్యక్తి","Soul/Person","Noun","H5315"
"יָרֵךְ","Yarek","יָרֵךְ","తొడ/నడుము","Thigh/Loins","Noun","H3409"
"פָּרָה","Parah","פָּרָה","ఫలించు","To be fruitful","Verb","H6509"
"שָׁרַץ","Sharatz","שָׁרַץ","విస్తరించు/పాకు","To swarm/teem","Verb","H8317"
"רָבָה","Rabah","רָבָה","అభివృద్ధి చెందు","To multiply/increase","Verb","H7235"
"עָצַם","Atzam","עָצַם","బలపడు","To be mighty/strong","Verb","H6105"
"מָלֵא","Male","מָלֵא","నిండు","To be full/fill","Verb","H4390"
"מֶלֶךְ","Melekh","מָלֵךְ","రాజు","King","Noun","H4428"
"חָדָשׁ","Chadash","חָדָשׁ","కొత్త","New","Adjective","H2319"
"יָדַע","Yada","יָדַע","ఎరుగు/తెలుసుకొను","To know","Verb","H3045"
"חָכַם","Chakam","חָכַם","జ్ఞానము కలిగియుండు","To be wise/deal wisely","Verb","H2449"
"מִלְחָמָה","Milchamah","לָחַם","యుద్ధము","War","Noun","H4421"
"עָנָה","Anah","עָנָה","బాధించు/నలుగగొట్టు","To afflict/humble","Verb","H6031"
"סִבְלָה","Siblah","סָבַל","బరువు/శ్రమ","Burden/Hard labor","Noun","H5450"
"עִיר","Ir","עִיר","పట్టణము","City","Noun","H5892"
"פָּרַץ","Paratz","פָּרַץ","విస్తరించు/పగిలిపోవు","To break forth/spread","Verb","H6555"
"קוּץ","Kutz","קוּץ","అసహ్యించుకొను/భయపడు","To dread/abhor","Verb","H6973"
"פָּרֶךְ","Parek","פָּרֶךְ","కఠినత్వము","Rigor/Harshness","Noun","H6531"
"מָרַר","Marar","מָרַר","చేదు చేయు/దుఃఖపెట్టు","To embitter","Verb","H4843"
"עֲבֹדָה","Avodah","עָבַד","దాస్యము/పని","Service/Work/Labor","Noun","H5656"
"חֹמֶר","Chomer","חָמַר","జిగటమన్ను","Mortar/Clay","Noun","H2563"
"לְבֵנָה","Levenah","לָבַן","ఇటుక","Brick","Noun","H3843"
"יָלַד","Yalad","יָלַד","కను/ప్రసవించు","To bear/bring forth (Midwife context)","Verb","H3205"
"יָרֵא","Yare","יָרֵא","భయపడు","To fear/revere","Verb","H3372"
"יָטַב","Yatav","יָטַב","మేలు చేయు","To go well/deal well","Verb","H3190"
"בַּיִת","Bayit","בַּיִת","ఇల్లు/కుటుంబము","House/Household","Noun","H1004"
"יְאֹר","Yeor","יְאֹר","నది (నీలు నది)","River (The Nile)","Noun","H2975"
"חָיָה","Chayah","חָיָה","బ్రతికించు/జీవించు","To live/keep alive","Verb","H2421"
"אִישׁ","ish","אִישׁ","పురుషుడు","man","Noun","H376"
"בַּת","bat","בַּת","కుమార్తె","daughter","Noun","H1323"
"הָרָה","harah","הָרָה","గర్భము ధరించు","to conceive","Verb","H2029"
"יָלַד","yalad","יָלַד","కనుట/ప్రసవించు","to bear/give birth","Verb","H3205"
"טוֹב","tov","טוֹב","మంచి/అందమైన","good/fine","Adjective","H2896"
"תֵּבָה","tevah","תֵּבָה","పెట్టె/మందసము","ark/basket","Noun","H8392"
"יְאֹר","ye'or","יְאֹר","నది (నైలు)","river (the Nile)","Noun","H2975"
"רָחַץ","rachats","רָחַץ","స్నానము చేయు/కడుగు","to wash/bathe","Verb","H7364"
"חָמַל","chamal","חָמַל","కనికరించు/జాలిపడు","to pity/spare","Verb","H2550"
"עִבְרִי","ivri","עָבַר","హెబ్రీయుడు","Hebrew","Noun/Adjective","H5680"
"מֹשֶׁה","Mosheh","מָשָׁה","మోషే","Moses","Proper Noun","H4872"
"מָשָׁה","mashah","מָשָׁה","బయటకు తీయు","to draw out","Verb","H4871"
"סְבָלָה","sebalah","סָבַל","బరువు/శ్రమ","burden/hard labor","Noun","H5450"
"נָכָה","nakah","נָכָה","కొట్టుట/చంపుట","to strike/smite","Verb","H5221"
"יָרֵא","yare","יָרֵא","భయపడు","to fear","Verb","H3372"
"בְּאֵר","be'er","בָּאַר","బావి","well","Noun","H875"
"כֹּהֵן","kohen","כָּהַן","యాజకుడు","priest","Noun","H3548"
"דָּלָה","dalah","דָּלָה","నీళ్లు చేదుట","to draw water","Verb","H1802"
"רָעָה","ra'ah","רָעָה","మేపుట/గొర్రెల కాపరి","to shepherd/feed","Verb","H7462"
"יָשַׁע","yasha","יָשַׁע","రక్షించు/సహాయపడు","to save/help","Verb","H3467"
"גֵּר","ger","גּוּר","పరదేశి/అపరిచితుడు","sojourner/stranger","Noun","H1616"
"נָאַקָה","ne'aqah","נָאַק","నిట్టూర్పు/రోదన","groaning","Noun","H5009"
"זָכַר","zakhar","זָכַר","జ్ఞాపకము చేసికొను","to remember","Verb","H2142"
"בְּרִית","berit","בָּרָה","నిబంధన","covenant","Noun","H1285"
"מֹשֶׁה","Moshe","משה","మోషే","Moses","Proper Noun","H4872"
"רֹעֶה","Ro'eh","רעה","కాపరి","Shepherd / Feeding","Verb/Participle","H7462"
"צֹאן","Tson","צאן","మంద","Flock (sheep or goats)","Noun","H6629"
"מִדְבָּר","Midbar","דבר","అరణ్యము","Wilderness / Desert","Noun","H4057"
"הַר","Har","הרר","పర్వతము","Mountain","Noun","H2022"
"מַלְאַךְ","Mal'akh","לאך","దూత","Angel / Messenger","Noun","H4397"
"אֵשׁ","Esh","אשש","అగ్ని","Fire","Noun","H784"
"סְנֶה","Seneh","סנה","పొద","Bush / Bramble","Noun","H5572"
"בֹּעֵר","Bo'er","בער","మండుచున్న","Burning","Verb/Participle","H1197"
"נַעַל","Na'al","נעל","చెప్పు","Sandal / Shoe","Noun","H5275"
"קֹדֶשׁ","Qodesh","קדש","పరిశుద్ధము","Holy / Set apart","Noun/Adjective","H6944"
"עֳנִי","'Oni","ענה","శ్రమ / బాధ","Affliction / Misery","Noun","H6040"
"צְעָקָה","Tse'aqah","צעק","మొర / అరుపు","Cry / Outcry","Noun","H6818"
"נָצַל","Natsal","נצל","విడిపించుట","To deliver / rescue","Verb","H5337"
"חָלָב","Chalab","חלב","పాలు","Milk","Noun","H2461"
"דְּבַשׁ","Debash","דבש","తేనె","Honey","Noun","H1706"
"אֶהְיֶה","Ehyeh","היה","నేను ఉన్నవాడను","I AM / I will be","Verb","H1961"
"זֵכֶר","Zeker","זכר","జ్ఞాపకార్థము","Memorial / Remembrance","Noun","H2143"
"פֶּלֶא","Pele","פלא","అద్భుతము","Wonder / Marvel","Noun","H6382"
"שִׂמְלָה","Simlah","שמל","వస్త్రము","Garment / Clothing","Noun","H8071"
"מַטֶּה","matteh","נטה","కర్ర","staff or rod","Noun","H4294"
"נָחָשׁ","nachash","נחש","పాము","serpent or snake","Noun","H5175"
"אוֹת","'ot","אות","సూచక క్రియ","sign or token","Noun","H226"
"פֶּה","peh","פהה","నోరు","mouth","Noun","H6310"
"לָשׁוֹן","lashon","לשן","నాలుక","tongue","Noun","H3956"
"בְּכֹר","bekhor","בכר","తొలిచూలు","firstborn","Noun","H1060"
"דָּם","dam","דם","రక్తము","blood","Noun","H1818"
"חָתָן","chatan","חתן","పెళ్లికుమారుడు","bridegroom","Noun","H2860"
"צָרַעַת","tsara'at","צרע","కుష్టు వ్యాధి","leprosy","Noun","H6883"
"אִלֵּם","'illem","אלם","మూగవాడు","mute or dumb","Adjective","H483"
"חֵרֵשׁ","cheresh","חרש","చెవిటివాడు","deaf","Adjective","H2795"
"פִּקֵּחַ","piqqeach","פקח","దృష్టిగలవాడు","seeing or sighted","Adjective","H6493"
"עִוֵּר","'ivver","עור","గ్రుడ్డివాడు","blind","Adjective","H5787"
"שָׁלַח","shalach","שלח","పంపుట","to send","Verb","H7971"
"אָמַן","'aman","אמן","నమ్ము","to believe or trust","Verb","H539"
"אָמַר","'amar","אָמַר","చెప్పుట","to say","Verb","H559"
"שָׁלַח","shalach","שָׁלַח","పంపించుట / విడిచిపెట్టుట","to send / let go","Verb","H7971"
"עַם","'am","עָמַם","ప్రజలు","people","Noun","H5971"
"שָׁמַע","shama'","שָׁמַע","వినుట / లోబడుట","to hear / obey","Verb","H8085"
"יָדַע","yada'","יָדַע","ఎరుగుట","to know","Verb","H3045"
"מִדְבָּר","midbar","דָּבַר","అరణ్యము","wilderness / desert","Noun","H4057"
"חַג","chag","חָגַג","పండుగ","feast / festival","Noun","H2282"
"זָבַח","zavach","זָבַח","బలి అర్పించుట","to sacrifice","Verb","H2076"
"עֲבוֹדָה","'avodah","עָבַד","పని / దాస్యము","work / labor / service","Noun","H5656"
"פָּרַע","para'","פָּרַע","నిరుత్సాహపరచుట / విడిపించుట","to let loose / distract","Verb","H6544"
"תֶּבֶן","teven","תֶּבֶן","గడ్డి / పొట్టు","straw / stubble","Noun","H8401"
"לְבֵנָה","levenah","לָבַן","ఇటుక","brick","Noun","H3843"
"נֹגֵשׂ","noges","נָגַשׂ","అధికారి / బాధించువాడు","taskmaster / oppressor","Noun","H5065"
"שֹׁטֵר","shoter","שֹׁטֵר","అధికారి / లేఖకుడు","officer / official","Noun","H7860"
"רָפָה","raphah","רָפָה","సోమరి / బద్ధకస్తుడు","lazy / idle / slack","Adjective","H7503"
"יְהוָֹה","Yahweh","היה","యెహోవా","The LORD / Jehovah","Proper Noun","H3068"
"יָד","yad","יָד","చేయి","hand","Noun","H3027"
"חָזָק","chazaq","חָזַק","బలమైన","strong / mighty","Adjective","H2389"
"בְּרִית","berit","בָּרָה","నిబంధన","covenant","Noun","H1285"
"גָאַל","ga'al","גָאַל","విమోచించుట","to redeem","Verb","H1350"
"זְרוֹעַ","zeroa'","זָרַע","బాహువు","arm / strength","Noun","H2220"
"שְׁפָטִים","shephtim","שָׁפַט","తీర్పులు","judgments / punishments","Noun","H8201"
"מוֹרָשָׁה","morashah","יָרַשׁ","స్వాస్థ్యము","heritage / possession","Noun","H4181"
"עָרֵל","arel","עָרַל","సున్నతి లేని","uncircumcised","Adjective","H6189"
"סִבְלוֹת","siblot","סָבַל","బరువులు / వెట్టిపనులు","burdens / hard labor","Noun","H5450"
"עֲבוֹדָה","avodah","עָבַד","దాస్యము / సేవ","bondage / service","Noun","H5656"
"נָצַל","natsal","נָצַל","విడిపించుట","to deliver / rescue","Verb","H5337"
"אֶרֶץ","eretz","אֶרֶץ","దేశము / భూమి","land / earth","Noun","H776"
"דָּבַר","dabar","דָּבַר","మాట్లాడుట","to speak","Verb","H1696"
"שָׁמַע","shama","שָׁמַע","వినుట","to hear / listen","Verb","H8085"
"נָתַן","nathan","נָתַן","ఇచ్చుట లేదా నియమించుట","to give, set, or appoint","Verb","H5414"
"נָבִיא","navi","נָבִיא","ప్రవక్త","prophet","Noun","H5030"
"דִּבֶּר","dibber","דָּבַר","మాట్లాడుట","to speak","Verb","H1696"
"שָׁלַח","shalach","שָׁלַח","పంపుట","to send","Verb","H7971"
"קָשָׁה","qashah","קָשָׁה","కఠినపరచుట","to harden or make difficult","Verb","H7185"
"אוֹת","ot","אוֹת","సూచన","sign","Noun","H226"
"מוֹפֵת","mopheth","יָפַת","అద్భుతం","wonder or miracle","Noun","H4159"
"יָד","yad","יָד","చేయి","hand or power","Noun","H3027"
"שֶׁפֶט","shephet","שָׁפַט","తీర్పు","judgment","Noun","H8201"
"יָדַע","yada","יָדַע","తెలుసుకొనుట","to know","Verb","H3045"
"מַטֶּה","matteh","נָטָה","కర్ర లేదా దండము","staff or rod","Noun","H4294"
"תַּנִּין","tannin","תַּנִּין","పెద్ద పాము లేదా సర్పము","serpent, dragon, or sea monster","Noun","H8577"
"בָּלַע","bala","בָּלַע","మింగివేయుట","to swallow up","Verb","H1104"
"חָכָם","chakham","חָכַם","జ్ఞాని","wise man","Adjective/Noun","H2450"
"כָּבֵד","kaved","כָּבֵד","భారమైన లేదా కఠినమైన","heavy, hard, or dull","Adjective/Verb","H3513"
"לֵב","lev","לֵבָב","హృదయము","heart or mind","Noun","H3820"
"יְאֹר","ye'or","יְאֹר","నది (ముఖ్యంగా నైలు)","river (specifically the Nile)","Noun","H2975"
"דָּם","dam","דָּם","రక్తము","blood","Noun","H1818"
"דָּג","dag","דָּגָה","చేప","fish","Noun","H1709"
"בָּאַשׁ","ba'ash","בָּאַשׁ","కంపు కొట్టుట లేదా కుళ్లుట","to stink or become foul","Verb","H887"
"צְפַרְדֵּעַ","tsephardea","צְפַרְדֵּעַ","కప్ప","Frog","Noun","H6848"
"יְאֹר","ye'or","יְאֹר","నది (నైలు నది)","River (specifically the Nile)","Noun","H2975"
"נָטָה","natah","נָטָה","చాచుట","To stretch out / extend","Verb","H5186"
"כִּנִּים","kinnim","כֵּן","పేలు / దోమలు","Gnats / Lice","Noun","H3654"
"עָפָר","aphar","עָפָר","ధూళి","Dust","Noun","H6083"
"אֶצְבַּע","etzba","אֶצְבַּע","వ్రేలు","Finger","Noun","H676"
"כָּבֵד","kaved","כָּבֵד","కఠినము చేయుట / భారముగా నుండుట","To be heavy / hardened","Verb","H3513"
"עָרֹב","arov","עָרֹב","ఈగల గుంపు","Swarm (of flies)","Noun","H6157"
"זָבַח","zavach","זָבַח","బలి అర్పించుట","To sacrifice","Verb","H2076"
"תּוֹעֵבָה","to'evah","תָּעַב","హేయకృత్యము","Abomination / Detestable thing","Noun","H8441"
"רֶוַח","revach","רָוַח","ఉపశమనము / విరామము","Respite / Relief","Noun","H7309"
"פָּלָה","palah","פָּלָה","వేరుపరచుట","To set apart / distinguish","Verb","H6395"
"גְּבוּל","gevul","גָּבַל","మేర / పొలిమేర","Border / Boundary","Noun","H1366"
"מִשְׁכָּן","mishkan","שָׁכַן","నివాసము","Dwelling place","Noun","H4908"
"בּוֹא","bo","בּוֹא","వచ్చుట/వెళ్ళుట","to come, go, enter","Verb","H935"
"שַׁלַּח","shallach","שָׁלַח","పంపించు","to send, let go, dismiss","Verb","H7971"
"עָבַד","avad","עָבַד","సేవించు","to serve, labor, work","Verb","H5647"
"מָאֵן","ma'en","מָאֵן","నిరాకరించు","to refuse","Verb","H3985"
"מִקְנֶה","miqneh","קָנָה","పశుసంపద","livestock, cattle, possession","Noun","H4735"
"דֶּבֶר","dever","דָּבַר","భయంకరమైన తెగులు","pestilence, plague","Noun","H1698"
"הִפְלָה","hiflah","פָּלָה","వ్యత్యాసము చూపుట","to distinguish, set apart, make a distinction","Verb","H6395"
"פִּיחַ","piach","פּוּחַ","బూడిద/మసి","soot, ashes","Noun","H6368"
"כִּבְשָׁן","kivshan","כָּבַשׁ","కొలిమి","furnace, kiln","Noun","H3536"
"שְׁחִין","shechin","שָׁחַן","కురుపులు","boils, inflammation","Noun","H7822"
"אֲבַעְבֻּעֹת","aba'buot","בָּעָה","గుల్లలు/పొక్కులు","blisters, boils","Noun","H76"
"חַרְטֻמִּים","chartummim","חֶרֶט","శకునగాండ్రు/మాంత్రికులు","magicians, diviners","Noun","H2748"
"בָּרָד","barad","בָּרַד","వడగండ్లు","hail","Noun","H1259"
"קוֹל","qol","קוֹל","శబ్దము/ఉరుము","voice, sound, thunder","Noun","H6963"
"אֵשׁ","esh","אֵשׁ","అగ్ని","fire","Noun","H784"
"פִּשְׁתָּה","pishtah","פֵּשֶׁת","అవిసెలు","flax","Noun","H6594"
"שְׂעֹרָה","seorah","שָׂעַר","యవలు","barley","Noun","H8184"
"חִטָּה","chittah","חִטָּה","గోధుమలు","wheat","Noun","H2406"
"צַדִּיק","tsaddiq","צָדַק","నీతిమంతుడు","righteous, just","Adjective","H6662"
"כָּבֵד","kaved","כָּבֵד","కఠినమైన/బరువైన","heavy, hardened","Verb","H3513"
"אַרְבֶּה","arbeh","רָבָה","మిడతలు","locust","Noun","H697"
"עָבַד","avad","עָבַד","సేవించుట","to serve/worship","Verb","H5647"
"אֹתֹת","otot","אוֹת","సూచక క్రియలు","signs","Noun","H226"
"מָאֵן","ma'en","מָאֵן","నిరాకరించుట","to refuse","Verb","H3985"
"עָנָה","anah","עָנָה","తగ్గించుకొనుట/వినయము","to humble oneself","Verb","H6031"
"אָכַל","akhal","אָכַל","తినుట/భక్షించుట","to eat/devour","Verb","H398"
"רוּחַ","ruach","רוּחַ","గాలి/వాయువు","wind","Noun","H7307"
"חֹשֶׁךְ","choshek","חָשַׁךְ","చీకటి","darkness","Noun","H2822"
"נָטָה","natah","נָטָה","చాపుట","to stretch out/incline","Verb","H5186"
"אֶרֶץ","eretz","אֶרֶץ","దేశము/భూమి","land/earth","Noun","H776"
"מִקְנֶה","miqneh","קָנָה","పశువులు/మందలు","livestock/cattle","Noun","H4735"
"זֶבַח","zevac","זָבַח","బలి","sacrifice","Noun","H2077"
"אוֹר","or","אוֹר","వెలుగు","light","Noun","H216"
"פָּנִים","panim","פָּנָה","ముఖము/సన్నిధి","face/presence","Noun","H6440"
"נֶגַע","nega‘","נָגַע","తెగులు","plague, stroke, blow","Noun","H5061"
"כָּלָה","kālāh","כָּלָה","పూర్తిగా / నిశ్శేషముగా","altogether, completely, consumption","Adverb/Noun","H3617"
"גָּרַשׁ","gāraš","גָּרַשׁ","వెళ్లగొట్టుట / వెలివేయుట","to drive out, cast out, expel","Verb","H1644"
"שָׁאַל","šā'al","שָׁאַל","అడుగుట / యాచించుట","to ask, request, borrow","Verb","H7592"
"כֶּסֶף","kesep̄","כָּסַף","వెండి","silver, money","Noun","H3701"
"זָהָב","zāhāḇ","זָהַב","బంగారం","gold","Noun","H2091"
"חֵן","ḥēn","חָנַן","దయ / కటాక్షం","favor, grace, charm","Noun","H2580"
"גָּדוֹל","gādôl","גָּדַל","గొప్ప / విశాలమైన","great, large, loud","Adjective","H1419"
"חֲצוֹת","ḥăṣôṯ","חָצָה","అర్ధరాత్రి","middle, midnight","Noun","H2676"
"בְּכוֹר","bəḵôr","בָּכַר","తొలిచూలు / జ్యేష్ఠుడు","firstborn","Noun","H1060"
"כִּסֵּא","kissē'","כִּסֵּא","సింహాసనము","throne, seat of honor","Noun","H3678"
"שִׁפְחָה","šip̄ḥāh","שִׁפְחָה","పనిపిల్ల / దాసి","maidservant, female slave","Noun","H8198"
"צְעָקָה","ṣə‘āqāh","צָעַק","మొర / ఆక్రందన","cry, outcry","Noun","H6818"
"פָּלָה","pālāh","פָּלָה","వేరుపరచుట / విభేదించుట","to distinguish, set apart, make a distinction","Verb","H6395"
"הִשְׁתַּחֲוָה","hištǎḥăwāh","שָׁחָה","నమస్కరించుట / సాష్టాంగపడుట","to bow down, worship, prostrate oneself","Verb","H7812"
"חֳרִי-אַף","ḥŏrî-'ap̄","חָרָה / אַף","మహాకోపం / తీక్షణమైన కోపం","fierce anger, burning wrath","Noun Phrase","H2740 / H639"
"מוֹפֵת","môp̄ēṯ","יָפָה","అద్భుతం / సూచక క్రియ","wonder, miracle, sign","Noun","H4159"
"חָזַק","ḥāzaq","חָזַק","కఠినపరచుట / బలపరచుట","to harden, strengthen, prevail","Verb","H2388"
"מִצְרַיִם","Mitzrayim","מִצְרַיִם","ఐగుప్తు","Egypt","Proper Noun","H4714"
"חֹדֶשׁ","Chodesh","חדשׁ","నెల","month / new moon","Noun","H2320"
"שֶׂה","Seh","שׂה","గొర్రెపిల్ల / మేకపిల్ల","lamb / sheep","Noun","H7716"
"תָּמִים","Tamim","תמם","నిర్దోషమైన","complete / without blemish","Adjective","H8549"
"דָּם","Dam","דָּם","రక్తము","blood","Noun","H1818"
"פֶּסַח","Pesach","פסח","పస్కా","Passover","Noun","H6453"
"מַצָּה","Matzah","מצץ","పొంగని రొట్టె","unleavened bread","Noun","H4682"
"אֵשׁ","Esh","אשׁ","అగ్ని","fire","Noun","H784"
"מְרֹרִים","Merorim","מרר","చేదు కూరలు","bitter herbs","Noun","H4844"
"שָׁחַט","Shachat","שׁחט","వధించు","to slaughter / kill","Verb","H7819"
"חָמֵץ","Chametz","חמץ","పులిసినది / పులిపిండి","leavened bread / leaven","Noun","H2557"
"מְזוּזָה","Mezuzah","זוז","ద్వారబంధపు నిలువు కమ్మి","doorpost","Noun","H4201"
"מַשְׁקוֹף","Mashqoph","שׁקף","ద్వారబంధపు పైకమ్మి","lintel","Noun","H4947"
"נָגַף","Nagaph","נגף","హతము చేయు / మొత్తు","to strike / smite","Verb","H5062"
"אֲגֻדָּה","Aguddah","אגד","కట్ట / గుంపు","band / bunch","Noun","H92"
"אֵזוֹב","Ezov","אזוב","హిస్సోపు","hyssop","Noun","H231"
"עֵדָה","Edah","יעד","సమాజము","congregation","Noun","H5712"
"בָּשָׂר","Basar","בשׂר","మాంసము","flesh / meat","Noun","H1320"
"חָג","Chag","חגג","పండుగ","festival / feast","Noun","H2282"
"רֹאשׁ","Rosh","ראשׁ","మొదలు / తల","head / beginning","Noun","H7218"
"קַדֶּשׁ","qaddesh","קדשׁ","ప్రతిష్ఠించు","Consecrate/Sanctify","Verb","H6942"
"בְּכוֹר","bekhor","בכר","తొలిచూలు","Firstborn","Noun","H1060"
"זָכוֹר","zakhor","זכר","జ్ఞాపకముంచుకొను","Remember","Verb","H2142"
"עֲבָדִים","avadim","עבד","దాసులు","Slaves/Servants","Noun","H5650"
"חֹזֶק","chozeq","חזק","బలము","Strength/Force","Noun","H2392"
"אָבִיב","aviv","אבב","అబీబు","Abib (Spring month)","Noun","H24"
"חָלָב","chalav","חלב","పాలు","Milk","Noun","H2461"
"דְּבָשׁ","devash","דבש","తేనె","Honey","Noun","H1706"
"מַצּוֹת","matzot","מצה","పొంగని రొట్టెలు","Unleavened bread","Noun","H4682"
"אוֹת","ot","אות","సూచన","Sign/Token","Noun","H226"
"זִכָּרוֹן","zikaron","זכר","జ్ఞాపకార్థము","Memorial","Noun","H2146"
"תּוֹרָה","Torah","ירה","ధర్మశాస్త్రము","Law/Instruction","Noun","H8451"
"פָדָה","padah","פדה","విమోచించు","Redeem","Verb","H6301"
"דֶּרֶךְ","derekh","דרך","మార్గము","Way/Path","Noun","H1870"
"עַמּוּד","ammud","עמד","స్తంభము","Pillar","Noun","H5982"
"עָנָן","anan","ענן","మేఘము","Cloud","Noun","H6051"
"אֵשׁ","esh","אשׁ","అగ్ని","Fire","Noun","H784"
"דָּבַר","dabar","דָּבַר","మాట్లాడుట","to speak","Verb","H1696"
"יָם","yam","יָם","సముద్రము","sea","Noun","H3220"
"רָדַף","radaph","רָדַף","తరిమి వెళ్ళుట","to pursue, follow after","Verb","H7291"
"כָּבוֹד","kabod","כָּבַד","మహిమ","glory, honor","Noun","H3519"
"רֶכֶב","rekeb","רָכַב","రథము","chariot","Noun","H7393"
"יָרֵא","yare","יָרֵא","భయపడుట","to fear","Verb","H3372"
"יְשׁוּעָה","yeshuah","יָשַׁע","రక్షణ","salvation","Noun","H3444"
"מַטֶּה","matteh","נָטָה","కర్ర, దండము","staff, rod","Noun","H4294"
"בָּקַע","baqa","בָּקַע","చీల్చుట, విభజించుట","to divide, split","Verb","H1234"
"יַבָּשָׁה","yabbashah","יָבֵשׁ","ఆరిన నేల","dry land","Noun","H3004"
"לָחַם","lacham","לָחַם","యుద్ధము చేయుట","to fight","Verb","H3898"
"חָרַשׁ","charash","חָרַשׁ","మౌనముగా ఉండుట","to be silent","Verb","H2790"
"נָטָה","natah","נָטָה","చాచుట","to stretch out","Verb","H5186"
"מַלְאָךְ","malakh","לָאַךְ","దూత","angel, messenger","Noun","H4397"
"עָנָן","anan","עָנָן","మేఘము","cloud","Noun","H6051"
"רוּחַ","ruach","רוּחַ","గాలి, ఆత్మ","wind, spirit","Noun","H7307"
"חֹמָה","chomah","חָמָה","గోడ, ప్రాకారము","wall","Noun","H2346"
"אוֹפָן","ophan","אופן","చక్రము","wheel","Noun","H212"
"אָמַן","aman","אָמַן","నమ్ముట, విశ్వాసముంచుట","to believe, trust","Verb","H539"
"שִׁיר","shir","שׁוּר","పాడుట","to sing","Verb","H7891"
"גָּאָה","ga'ah","גָּאָה","అతిశయించుట","to be exalted","Verb","H1342"
"סוּס","sus","סוּס","గుర్రం","horse","Noun","H5483"
"יָם","yam","יָם","సముద్రము","sea","Noun","H3220"
"עָז","oz","עָזַז","బలము","strength","Noun","H5797"
"יְשׁוּעָה","yeshuah","יָשַׁע","రక్షణ","salvation","Noun","H3444"
"אִישׁ","ish","אִישׁ","మనుష్యుడు","man","Noun","H376"
"מִלְחָמָה","milchamah","לָחַם","యుద్ధము","war","Noun","H4421"
"תְּהֹם","tehom","הוּם","అగాధ జలములు","deep/abyss","Noun","H8415"
"יָמִין","yamin","יָמִין","కుడిచేయి","right hand","Noun","H3225"
"קֹדֶשׁ","qodesh","קָדַשׁ","పరిశుద్ధత","holiness","Noun","H6944"
"פֶּלֶא","pele","פָּלָא","అద్భుతము","wonder/miracle","Noun","H6382"
"עֵדָה","‘edah","יָעַד","సమాజము","congregation, assembly","Noun","H5712"
"מִדְבָּר","midbar","דָּבַר","అరణ్యము","wilderness, desert","Noun","H4057"
"לוּן","lun","לוּן","సణుగుకొను","to murmur, grumble","Verb","H3885"
"לֶחֶם","lechem","לָחַם","ఆహారము, రొట్టె","bread, food","Noun","H3899"
"שָׁמַיִם","shamayim","שָׁמַיִם","ఆకాశము","heavens, sky","Noun","H8064"
"מָן","man","מָן","మన్నా","manna","Noun","H4478"
"שְׂלָו","selav","שָׂלָה","పూరేడు పిట్టలు","quail","Noun","H7958"
"שַׁבָּת","shabbat","שָׁבַת","విశ్రాంతిదినము","Sabbath, rest","Noun","H7676"
"עֹמֶר","‘omer","עָמַר","ఓమెరు (ఒక కొలత)","omer (a dry measure)","Noun","H6016"
"שָׂבַע","saba‘","שָׂבַע","తృప్తిపడు","to be satisfied, be full","Verb","H7646"
"קֹדֶשׁ","qodesh","קָדַשׁ","పరిశుద్ధత","holiness, sacredness","Noun","H6944"
"בֹּקֶר","boqer","בָּקַר","ఉదయము","morning","Noun","H1242"
"עֵדָה","edah","יָעַד","సమాజము","congregation/community","Noun","H5712"
"מַסַּע","massa","נָסַע","ప్రయాణము","journey/stage","Noun","H4550"
"רִיב","riv","רִיב","కలహించు/వాదించు","to strive/quarrel","Verb","H7378"
"נָסָה","nasah","נָסָה","పరీక్షించు/శోధించు","to test/try/prove","Verb","H5254"
"צָמָא","tsama","צָמָא","దప్పి/దాహము","thirst","Noun","H6772"
"מַטֶּה","matteh","נָטָה","కర్ర/దండము","staff/rod","Noun","H4294"
"הָכָה","nakah","נָכָה","కొట్టుట","to strike/smite","Verb","H5221"
"צוּר","tsur","צוּר","బండ","rock","Noun","H6697"
"לָחַם","lakham","לָחַם","యుద్ధము చేయు","to fight/battle","Verb","H3898"
"גִּבְעָה","givah","גָּבַע","కొండ/గుట్ట","hill","Noun","H1389"
"גָּבַר","gavar","גָּבַר","బలపడు/జయించు","to prevail/be strong","Verb","H1396"
"אֱמוּנָה","emunah","אָמַן","స్థిరత్వము/నమ్మకము","steadiness/faithfulness","Noun","H530"
"כָּתַב","katav","כָּתַב","వ్రాయుట","to write","Verb","H3789"
"זִכָּרוֹן","zikaron","זָכַר","జ్ఞాపకార్థము","memorial/remembrance","Noun","H2146"
"מִזְבֵּחַ","mizbeakh","זָבַח","బలిపీఠము","altar","Noun","H4196"
"נֵס","nes","נָסַס","ధ్వజము/గుర్తు","banner/standard/signal","Noun","H5251"
"יִתְרוֹ","yitro","יתר","యిత్రో","Jethro","Proper Noun","H3503"
"כֹּהֵן","kohen","כהן","యాజకుడు","priest","Noun","H3548"
"חֹתֵן","choten","חתן","మామ","father-in-law","Noun","H2859"
"שָׁמַע","shama","שׁמע","వినుట","to hear","Verb","H8085"
"עָשָׂה","asah","עשׂה","చేయుట","to do/make","Verb","H6213"
"שִׁלּוּחִים","shilluhim","שׁלח","పంపివేయుట","sending away/dismissal","Noun","H7964"
"גֵּר","ger","גור","పరదేశి","sojourner/stranger","Noun","H1616"
"עֵזֶר","ezer","עזר","సహాయము","help/succor","Noun","H5828"
"נָצַל","natsal","נצל","విడిపించుట","to deliver/rescue","Verb","H5337"
"חֶרֶב","herev","חרב","ఖడ్గము","sword","Noun","H2719"
"שָׁלוֹם","shalom","שׁלם","క్షేమము","peace/welfare","Noun","H7965"
"סָפַר","sapar","ספר","వివరించుట","to recount/tell","Verb","H5608"
"תְּלָאָה","telaah","לאה","కష్టము","hardship/travail","Noun","H8513"
"בָּרוּךְ","baruk","ברך","స్తుతింపబడినవాడు","blessed","Adjective","H1288"
"זָד","zad","זיד","గర్వముగా ప్రవర్తించుట","to act proudly/presumptuously","Verb","H2102"
"שָׁפַט","shapat","שׁפט","తీర్పు తీర్చుట","to judge","Verb","H8199"
"נָבֹל","navol","נבל","వాడిపోవుట/అలసిపోవుట","to wither/wear away","Verb","H5034"
"כָּבֵד","kaved","כבד","భారమైన","heavy/difficult","Adjective","H3515"
"יָעַץ","yaatz","יעץ","ఆలోచన చెప్పుట","to counsel/advise","Verb","H3289"
"חַיִל","chayil","חיל","సామర్థ్యము","ability/valor/strength","Noun","H2428"
"אֱמֶת","emet","אמן","సత్యము","truth/faithfulness","Noun","H571"
"בֶּצַע","batsa","בצע","అన్యాయపు లాభము","unjust gain/covetousness","Noun","H1215"
"שָׂרִים","sarim","שׂר","అధిపతులు","rulers/captains","Noun","H8269"
"חֹדֶשׁ","chodesh","חדשׁ","నెల / మాసము","month / new moon","Noun","H2320"
"מִדְבָּר","midbar","דבר","అరణ్యము","wilderness / desert","Noun","H4057"
"הַר","har","הרר","పర్వతము","mountain / hill","Noun","H2022"
"עָלָה","alah","עלة","ఎక్కుట / పైకి వెళ్ళుట","to go up / ascend","Verb","H5927"
"נֶשֶׁר","nesher","נשׁר","పక్షిరాజు / గద్ద","eagle","Noun","H5404"
"בְּרִית","berit","ברה","నిబంధన","covenant","Noun","H1285"
"סְגֻלָּה","segullah","סגל","స్వకీయ సంపాద్యము","treasured possession / special treasure","Noun","H5459"
"מַמְלֶכֶת","mamlekhet","מלך","రాజ్యము","kingdom","Noun","H4467"
"כֹּהֵן","kohen","כהן","యాజకుడు","priest","Noun","H3548"
"קָדוֹשׁ","kadosh","קדשׁ","పరిశుద్ధమైన","holy / sacred","Adjective","H6918"
"עָנָן","anan","ענן","మేఘము","cloud","Noun","H6051"
"יָרַד","yarad","ירד","దిగుట","to come down / descend","Verb","H3381"
"שׁוֹפָר","shofar","שׁפר","బాకా / కొమ్ము","trumpet / ram's horn","Noun","H7782"
"חָרַד","charad","חרד","వణకుట","to tremble / quake","Verb","H2729"
"עָשָׁן","ashan","עשׁן","పొగ","smoke","Noun","H6227"
"אֱלֹהִים","Elohim","אֱלוֹהַּ","దేవుడు","God","Noun","H430"
"יְהוָה","Yahweh","הָיָה","యెహోవా","LORD","Proper Noun","H3068"
"דָּבָר","Dabar","דָּבַר","మాటలాడు","To speak / Word","Verb","H1696"
"עֶבֶד","Ebed","עָבַד","దాసుడు","Servant / Slave","Noun","H5650"
"פֶּסֶל","Pesel","פָּסַל","విగ్రహము","Idol / Carved image","Noun","H6459"
"שָׁוְא","Shav","שָׁוְא","వ్యర్థము","Vain / Falsehood / Worthless","Noun","H7723"
"זָכַר","Zakar","זָכַר","జ్ఞాపకము చేసుకొను","To remember","Verb","H2142"
"שַׁבָּת","Shabbat","שָׁבַת","విశ్రాంతి దినము","Sabbath / Rest","Noun","H7676"
"קָדַשׁ","Qadash","קָדַשׁ","పరిశుద్ధపరచు","To sanctify / Make holy","Verb","H6942"
"כָּבֵד","Kabad","כָּבֵד","ఘనపరచు","To honor / Glorify","Verb","H3513"
"רָצַח","Ratsach","רָצַח","నరహత్య చేయు","To murder","Verb","H7523"
"נָאַף","Naaph","נָאַף","వ్యభిచరించు","To commit adultery","Verb","H5003"
"גָּנַב","Ganab","גָּנַב","దొంగిలించు","To steal","Verb","H1589"
"עֵד","Ed","עוּד","సాక్షి","Witness","Noun","H5707"
"חָמַד","Chamad","חָמַד","ఆశించు","To covet / Desire","Verb","H2530"
"קוֹל","Qol","קוֹל","స్వరము / శబ్దము","Voice / Sound","Noun","H6963"
"הַר","Har","הָרַר","పర్వతము","Mountain","Noun","H2022"
"יָרֵא","Yare","יָרֵא","భయపడు","To fear / Revere","Verb","H3372"
"מִשְׁפָּט","mishpāṭ","שָׁפַט","న్యాయవిధులు","judgments, ordinances, legal decisions","Noun","H4941"
"עֶבֶד","‘eḇeḏ","עָבַד","దాసుడు","servant, slave","Noun","H5650"
"עִבְרִי","‘iḇrî","עֵבֶר","హెబ్రీయుడు","Hebrew","Adjective","H5680"
"חָפְשִׁי","ḥop̄šî","חָפַשׁ","స్వతంత్రుడు","free, exempt from liberty","Adjective","H2670"
"אֲדֹנָיו","’ăḏōnāyw","אָדֹן","యజమాని","his master, lord","Noun","H113"
"מְזוּזָה","mĕzûzâ","זוּז","ద్వారబంధము","doorpost","Noun","H4201"
"אֹזֶן","’ōzen","אָזַן","చెవి","ear","Noun","H241"
"אָמָה","’āmâ","אָמָה","దాసి","maidservant, female slave","Noun","H519"
"מָוֶת","māweṯ","מוּת","మరణం","death","Noun","H4194"
"מִזְבֵּחַ","mizbēaḥ","זָבַח","బలిపీఠము","altar","Noun","H4196"
"גֹּנֵב","gōnēḇ","גָּנַב","దొంగిలించువాడు","thief, kidnapper","Verb/Participle","H1589"
"אֶבֶן","’eḇen","אֶבֶן","రాయి","stone","Noun","H68"
"מִשְׁעַנְתּוֹ","mish‘antô","שָׁעַן","కర్ర","staff, support","Noun","H4938"
"אָסוֹן","’āsôn","אָסָה","హాని","harm, mischief, fatal accident","Noun","H611"
"עַיִן","‘ayin","עַיִן","కన్ను","eye","Noun","H5869"
"שֵׁן","šēn","שָׁנַן","పన్ను","tooth","Noun","H8127"
"שׁוֹר","šôr","שׁוּר","ఎద్దు","ox, bullock","Noun","H7794"
"בּוֹר","bôr","בּוּר","గోతి","pit, cistern","Noun","H953"
"גָּנַב","ganav","גָּנַב","దొంగిలించు","to steal","Verb","H1589"
"שׁוֹר","shor","שׁוֹר","ఎద్దు","ox","Noun","H7794"
"שֶׂה","seh","שֶׂה","గొర్రె లేదా మేక","sheep or goat","Noun","H7716"
"שִׁלֵּם","shalam","שָׁלַם","తిరిగి చెల్లించు / పరిహారము చేయు","to make restitution / repay","Verb","H7999"
"מַחְתֶּרֶת","machtereth","חָתַר","కన్నము వేయుట","breaking in / tunneling","Noun","H4290"
"דָּמִים","damim","דָּם","రక్తదోషము","bloodguilt","Noun","H1818"
"בָּעַר","baar","בָּעַר","మేయు / దహించు","to graze / consume","Verb","H1197"
"שָׂדֶה","sadeh","שָׂדֶה","పొలము","field","Noun","H7704"
"כֶּרֶם","kerem","כֶּרֶם","ద్రాక్షతోట","vineyard","Noun","H3754"
"קוֹצִים","qotsim","קוֹץ","ముళ్లు","thorns","Noun","H6975"
"קָמָה","qamah","קוּם","పండిన ధాన్యము","standing grain","Noun","H7054"
"פֶּשַׁע","pesha","פָּשַׁע","అతిక్రమము","transgression / trespass","Noun","H6588"
"שַׂלְמָה","salmah","שַׂלְמָה","వస్త్రము","garment","Noun","H8008"
"בְּתוּלָה","betulah","בָּתַל","కన్య","virgin","Noun","H1330"
"מְכַשֵּׁפָה","mekhashefah","כָּשַׁף","మంత్రగత్తె","sorceress","Noun","H3784"
"גֵּר","ger","גּוּר","పరదేశి","sojourner / stranger","Noun","H1616"
"אַלְמָנָה","almanah","אָלַם","విధవరాలు","widow","Noun","H488"
"יָתוֹם","yatom","יָתַם","తండ్రిలేనివాడు / అనాధ","orphan","Noun","H3490"
"נֶשֶׁךְ","neshek","נָשַׁךְ","వడ్డీ","interest / usury","Noun","H5392"
"חַנּוּן","channun","חָנַן","కృపగలవాడు","gracious","Adjective","H2587"
"שֵׁמַע","shema","שׁמע","వార్త / పుకారు","report, rumor, news","Noun","H8089"
"שָׁוְא","shav","שׁוא","అబద్ధం / వ్యర్థం","falsehood, vanity, lie","Noun","H7723"
"עֵד","ed","עוד","సాక్షి","witness","Noun","H5707"
"חָמָס","chamas","חמס","బలాత్కారం / హింస","violence, wrong, cruelty","Noun","H2555"
"רִיב","riv","רוב","వివాదం / జగడం","strife, dispute, lawsuit","Noun","H7379"
"דָּל","dal","דלל","పేదవాడు / దీనుడు","poor, weak, low","Adjective","H1800"
"מִשְׁפָּט","mishpat","שׁפט","న్యాయం / తీర్పు","justice, judgment, ordinance","Noun","H4941"
"אֶבְיוֹן","evyon","אבה","దరిద్రుడు","needy person, poor","Noun","H34"
"שֶׁקֶר","sheqer","שׁקר","అబద్ధం / మోసం","falsehood, lie, deception","Noun","H8267"
"נָקִי","naqi","נקה","నిర్దోషి","innocent, clean, blameless","Adjective","H5355"
"צַדִּיק","tzaddiq","צדק","నీతిమంతుడు","righteous, just","Adjective","H6662"
"שֹׁחַד","shochad","שׁחד","లంచం","bribe, gift","Noun","H7810"
"גֵּר","ger","גור","పరదేశి","stranger, sojourner","Noun","H1616"
"שַׁבָּת","shabbat","שׁבת","విశ్రాంతిదినము","Sabbath, rest","Noun","H7676"
"חָג","chag","חגג","పండుగ","festival, feast","Noun","H2282"
"מַלְאָךְ","mal’ak","לאך","దూత","angel, messenger","Noun","H4397"
"פֶּשַׁע","pesha","פשׁע","తిరుగుబాటు / అతిక్రమం","transgression, rebellion","Noun","H6588"
"בְּרִית","berit","ברה","నిబంధన","covenant, treaty","Noun","H1285"
"מוֹקֵשׁ","moqesh","יקש","ఉరి / బోను","snare, trap, bait","Noun","H4170"
"קָצִיר","qatsir","קצר","కోత / పంట","harvest","Noun","H7105"
"אָמַר","amar","אמר","చెప్పుట","to say/speak","Verb","H559"
"עֲלֵה","alah","עלה","ఎక్కుట","to go up/ascend","Verb","H5927"
"זָקֵן","zaqen","זקן","పెద్ద","elder/old man","Noun","H2205"
"הִשְׁתַּחֲוָה","hishtachavah","חוה","నమస్కరించుట","to worship/bow down","Verb","H7812"
"דָּבָר","dabar","דבר","మాట/విషయము","word/matter","Noun","H1697"
"מִשְׁפָּט","mishpat","שפט","న్యాయవిధి","judgment/ordinance","Noun","H4941"
"מִזְבֵּחַ","mizbeach","זבח","బలిపీఠము","altar","Noun","H4196"
"מַצֵּבָה","matstsebah","נצב","స్తంభము","pillar/monument","Noun","H4676"
"עֹלָה","olah","עלה","దహనబలి","burnt offering","Noun","H5930"
"דָּם","dam","דם","రక్తము","blood","Noun","H1818"
"סֵפֶר","sefer","ספר","గ్రంథము","book/scroll","Noun","H5612"
"בְּרִית","berit","ברה","నిబంధన","covenant","Noun","H1285"
"רָאָה","ra'ah","ראה","చూచుట","to see","Verb","H7200"
"אֶבֶן","eben","אבן","రాయి","stone","Noun","H68"
"תּוֹרָה","torah","ירה","ధర్మశాస్త్రము","law/instruction","Noun","H8451"
"מִצְוָה","mitsvah","צוה","ఆజ్ఞ","commandment","Noun","H4687"
"כָּבוֹד","kavod","כבד","మహిమ","glory/honor","Noun","H3519"
"עָנָן","anan","ענן","మేఘము","cloud","Noun","H6051"
"אֵשׁ","esh","אש","అగ్ని","fire","Noun","H784"
"תְּרוּמָה","terumah","רום","అర్పణ, కానుక","offering, contribution","Noun","H8641"
"זָהָב","zahav","זהב","బంగారము","gold","Noun","H2091"
"כֶּסֶף","kesef","כסף","వెండి","silver","Noun","H3701"
"נְחֹשֶׁת","nechoshet","נחש","ఇత్తడి, రాగి","bronze, copper","Noun","H5178"
"תְּכֵלֶת","tekelet","תכל","నీలవర్ణము","blue, violet","Noun","H8504"
"שִׁטִּים","shittim","שטה","తుమ్మ (అకాసియా)","acacia wood","Noun","H7848"
"מִקְדָּשׁ","mikdash","קדש","పరిశుద్ధ స్థలము","sanctuary, holy place","Noun","H4720"
"מִשְׁכָּן","mishkan","שכן","నివాసము, మందిరము","tabernacle, dwelling place","Noun","H4908"
"תַּבְנִית","tavnit","בנה","నమూనా, ఆకారము","pattern, plan, model","Noun","H8403"
"אָרוֹן","aron","ארן","మందసము, పెట్టె","ark, chest","Noun","H727"
"כַּפֹּרֶת","kapporet","כפר","కరుణాపీఠము","mercy seat, atonement cover","Noun","H3727"
"כְּרֻבִים","keruvim","כרוב","కెరూబులు","cherubim","Noun","H3742"
"שֻׁלְחָן","shulchan","שלח","బల్ల, మేజా","table","Noun","H7979"
"מְנוֹרָה","menorah","נור","దీపస్తంభము","lampstand, candelabra","Noun","H4501"
"נֵרֹת","nerot","נר","దీపములు","lamps","Noun","H5216"
"מִשְׁכָּן","Mishkān","שָׁכַן","నివాసము","Tabernacle / Dwelling place","Noun","H4908"
"יְרִיעָה","Yerîʿâ","יָרַע","తెర","Curtain / Tent-wing","Noun","H3407"
"שֵׁשׁ","Šēš","שׁשׁ","సన్నని నార","Fine linen","Noun","H8336"
"תְּכֵלֶת","Tekēlet","תכל","నీలవర్ణము","Blue / Violet","Noun","H8504"
"אַרְגָּמָן","’Argāmān","ארגמן","ఊదా రంగు","Purple","Noun","H713"
"תּוֹלַעַת שָׁנִי","Tôlaʿat šānî","תּוֹלָע / שָׁנִי","నలుపు ఎరుపు వర్ణము","Scarlet material","Noun phrase","H8438 / H8144"
"כְּרֻבִים","Kerubîm","כְּרוּב","కెరూబులు","Cherubim","Noun (Plural)","H3742"
"חֹשֵׁב","Ḥōšēv","חָשַׁב","నైపుణ్యము గలవాడు","Skillful weaver / Craftsman","Noun/Participle","H2803"
"אֹרֶךְ","’Ōreḵ","אָרַךְ","పొడవు","Length","Noun","H753"
"רֹחַב","Rōḥaḇ","רָחַב","వెడల్పు","Width / Breadth","Noun","H7341"
"לֻלָאֹת","Lulā’ōṯ","ללה","ఉచ్చులు","Loops","Noun (Plural)","H3924"
"קַרְסֵי","Qarsê","קֶרֶס","కొక్కెములు","Clasps / Hooks","Noun","H7165"
"עֵז","‘Ēz","עזז","మేక","Goat / Goat's hair","Noun","H5795"
"קֶרֶשׁ","Qereš","קָרַשׁ","పలక","Board / Plank / Frame","Noun","H7175"
"עֲצֵי שִׁטִּים","ʿĂṣê Šiṭṭîm","עֵץ / שִׁטָּה","తుమ్మ కఱ్ఱ","Acacia wood","Noun phrase","H6086 / H7848"
"אֶדֶן","’Eden","אדן","దిమ్మ / పీఠము","Socket / Base","Noun","H134"
"בְּרִיחַ","Berîaḥ","בָּרַח","అడ్డకమ్మ","Bar / Bolt","Noun","H1280"
"זָהָב","Zāhāv","זהב","బంగారము","Gold","Noun","H2091"
"פָּרֹכֶת","Pārōḵet","פָּרַךְ","అడ్డతెర","Veil / Curtain","Noun","H6532"
"עַמּוּד","‘Ammûd","עָמַד","స్తంభము","Pillar / Column","Noun","H5982"
"מָסָךְ","Māsāḵ","סָכַךְ","తెర / ద్వారబంధపు తెర","Screen / Covering","Noun","H4539"
"מִזְבֵּחַ","mizbe'ach","זָבַח","బలిపీఠము","altar","Noun","H4196"
"שִׁטִּים","shittim","שִׁטָּה","తుమ్మ కర్ర","acacia wood","Noun","H7848"
"אַמָּה","ammah","אֵם","మూర","cubit","Noun","H520"
"רָבוּעַ","rabua","רָבַע","చతురస్రము","square","Adjective","H7251"
"קֶרֶן","qeren","קָרַן","కొమ్ము","horn","Noun","H7161"
"נְחֹשֶׁת","nechoshet","נָחָשׁ","ఇత్తడి","bronze / copper","Noun","H5178"
"סִּיר","siyr","סִיר","కుండ / గిన్నె","pot / pan","Noun","H5518"
"מִכְבָּר","mikbar","כָּבַר","జల్లెడ వంటి జాలీ","grate / network","Noun","H4345"
"טַבַּעַת","tabba'at","טָבַע","ఉంగరము / కడియము","ring","Noun","H2885"
"בַּד","bad","בָּדַד","మోతకర్ర","stave / pole","Noun","H905"
"חָצֵר","chatzer","חָצַר","ఆవరణము","courtyard","Noun","H2691"
"קֶלַע","qela","קָלַע","తెరలు","hangings / curtains","Noun","H7050"
"עַמּוּד","ammud","עָמַד","స్తంభము","pillar / column","Noun","H5982"
"אֶדֶן","eden","אָדַן","దిమ్మ / పీఠము","socket / base","Noun","H134"
"וָו","vav","וָו","కొక్కెము","hook","Noun","H2053"
"כֶּסֶף","kesep","כָּסַף","వెండి","silver","Noun","H3701"
"שֶׁמֶן","shemen","שָׁמַן","తైలము / నూనె","oil","Noun","H8081"
"זַיִת","zayit","זַיִת","ఒలీవ","olive","Noun","H2132"
"זָךְ","zak","זָכַךְ","నిర్మలమైన","pure / clear","Adjective","H2134"
"מָאוֹר","ma'or","אוֹר","జ్యోతి / వెలుగు","light / luminary","Noun","H3974"
"נֵר","ner","נִיר","దీపము","lamp","Noun","H5216"
"אֹהֶל","ohel","אָהַל","గుడారము","tent","Noun","H168"
"מוֹעֵד","mo'ed","יָעַד","ప్రత్యక్షపు గుడారము / నియామక కాలము","meeting / appointed time","Noun","H4150"
"פָּרֹכֶת","paroket","פָּרַךְ","అడ్డతెర","veil / curtain","Noun","H6532"
"עֵדוּת","edut","עוּד","శాసనములు","testimony","Noun","H5715"
"אַהֲרֹן","Aharon","Aharon","అహరోను","Aaron","Proper Noun","H175"
"כֹּהֵן","Kohen","Kahan","యాజకుడు","Priest","Noun","H3548"
"קֹדֶשׁ","Qodesh","Qadash","పరిశుద్ధమైన","Holy / Sacredness","Noun","H6944"
"בֶּגֶד","Beged","Bagad","వస్త్రము","Garment / Clothing","Noun","H899"
"אֵפוֹד","Ephod","Aphad","ఎఫోదు","Ephod (priestly vest)","Noun","H646"
"חֹשֶׁן","Choshen","Chashan","పతకము / రొమ్ముపట్టి","Breastplate","Noun","H2833"
"מְעִיל","Me'il","Ma'al","నిలువుటంగీ","Robe / Mantle","Noun","H4598"
"מִצְנֶפֶת","Mitznephet","Tsanaph","పాగా / మకుటము","Turban / Mitre","Noun","H4701"
"אַבְנֵט","Avnet","Avnet","దట్టి / నడుముకట్టు","Sash / Girdle","Noun","H73"
"זָהָב","Zahav","Zahav","బంగారము","Gold","Noun","H2091"
"תְּכֵלֶת","Tekhelet","Tekhelet","నీలము","Blue (violet-blue fabric)","Noun","H8504"
"אַרְגָּמָן","Argaman","Argaman","ఊదా రంగు","Purple","Noun","H713"
"שֵׁשׁ","Shesh","Shish","సన్ననార","Fine linen","Noun","H8336"
"כָּתֵף","Kateph","Kataph","భుజము","Shoulder / Shoulder-piece","Noun","H3802"
"אֶבֶן","Even","Aban","రాయి / రత్నము","Stone / Gem","Noun","H68"
"שֵׁם","Shem","Shem","పేరు","Name","Noun","H8034"
"חָכָם","Chakam","Chakam","జ్ఞాని / నైపుణ్యముగల","Wise / Skillful","Adjective","H2450"
"פַּעֲמֹן","Pa'amon","Pa'am","గంట","Bell","Noun","H6472"
"רִמּוֹן","Rimmon","Raman","దానిమ్మ పండు","Pomegranate","Noun","H7416"
"צִיץ","Tsits","Tsuts","పట్టా / పువ్వు","Plate / Blossom / Flower","Noun","H6731"
"מִשְׁפָּט","Mishpat","Shaphat","తీర్పు","Judgment / Ordinance","Noun","H4941"
"תּוֹלַעַת","Tola'at","Tola","సింధూర వర్ణము","Scarlet / Crimson","Noun","H8438"
"קָדַשׁ","qadash","קדשׁ","ప్రతిష్టించు / పరిశుద్ధపరచు","to be set apart, consecrated, or holy","Verb","H6942"
"כֹּהֵן","kohen","כהן","యాజకుడు","priest","Noun","H3548"
"פַּר","par","פרר","కోడె లేదా యౌవనపు ఎద్దు","bull, young bullock","Noun","H6499"
"אַיִל","ayil","איל","పొట్టేలు","ram","Noun","H352"
"מָשַׁח","mashach","משׁח","అభిషేకించు","to anoint","Verb","H4886"
"מִזְבֵּחַ","mizbeach","זבח","బలిపీఠము","altar","Noun","H4196"
"דָּם","dam","דם","రక్తము","blood","Noun","H1818"
"עֹלָה","olah","עלה","దహనబలి","burnt offering","Noun","H5930"
"לֶחֶם","lechem","לחם","రొట్టె","bread","Noun","H3899"
"שֶׁמֶן","shemen","שׁמן","నూనె","oil","Noun","H8081"
"בֶּגֶד","beged","בגד","వస్త్రము","garment, clothing","Noun","H899"
"פֶּתַח","petach","פתח","ద్వారము","entrance, doorway","Noun","H6607"
"מִלּוּא","millu","מלא","ప్రతిష్ఠ లేదా నియామకం","consecration, installation, filling","Noun","H4394"
"רֵיחַ","reyach","רוח","సువాసన","aroma, scent","Noun","H7381"
"נִיחֹחַ","nichoach","נוח","ఇంపైన / శాంతినిచ్చే","soothing, quieting, sweet","Adjective/Noun","H5207"
"מִזְבֵּחַ","mizbeah","זבח","బలిపీఠము","Altar","Noun","H4196"
"קְטֹרֶת","qetoret","קטר","ధూపద్రవ్యము","Incense","Noun","H7004"
"זָהָב","zahav","זהב","బంగారము","Gold","Noun","H2091"
"אָמָּה","ammah","אם","మూర","Cubit","Noun","H0520"
"קֶרֶן","keren","קרן","కొమ్ము","Horn","Noun","H7161"
"כֹּפֶר","kopher","כפר","ప్రాయశ్చిత్తార్థ క్రయధనము","Ransom or Atonement price","Noun","H3724"
"שֶׁקֶל","sheqel","שׁקל","షెకెలు","Shekel","Noun","H8255"
"תְּרוּמָה","terumah","רום","ప్రతిష్ఠితార్పణము","Contribution or Offering","Noun","H8641"
"כִּיּוֹר","kiyyor","כור","గంగాళము","Basin or Laver","Noun","H3595"
"נְחֹשֶׁת","nehoshet","נחשׁ","ఇత్తడి","Bronze or Copper","Noun","H5178"
"רָחַץ","rahats","רחץ","కడుగుట","To wash or Bathe","Verb","H7364"
"שֶׁמֶן","shemen","שׁמן","తైలము","Oil","Noun","H8081"
"מִשְׁחָה","mishchah","משׁח","అభిషేకము","Anointing","Noun","H4888"
"קֹדֶשׁ","qodesh","קדשׁ","పరిశుద్ధము","Holy","Noun","H6944"
"בֹּשֶׂם","bosem","בשׂם","సుగంధద్రవ్యము","Spice or Fragrance","Noun","H1314"
"בְּצַלְאֵל","Betsal'el","בְּצַלְאֵל","బెసలేలు","Bezalel (In the shadow of God)","Proper Noun","H1212"
"חָכְמָה","Chokhmah","חָכַם","జ్ఞానము","Wisdom","Noun","H2451"
"תְּבוּנָה","Tevunah","בּוּן","వివేచన","Understanding","Noun","H8394"
"דַּעַת","Da'at","יָדַע","తెలివి","Knowledge","Noun","H1847"
"מְלָאכָה","Melakhah","לָאַךְ","పని/శిల్పకళ","Work/Craftsmanship","Noun","H4399"
"זָהָב","Zahav","זָהָב","బంగారము","Gold","Noun","H2091"
"כֶּסֶף","Kesef","כָּסַף","వెండి","Silver","Noun","H3701"
"נְחֹשֶׁת","Nechoshet","נְחֹשֶׁת","ఇత్తడి","Bronze/Copper","Noun","H5178"
"אֶבֶן","Even","אֶבֶן","రాయి","Stone","Noun","H68"
"עֵץ","Etz","עֵץ","కఱ్ఱ/మ్రాను","Wood/Tree","Noun","H6086"
"אֹהֶל","Ohel","אָהַל","గుడారము","Tent/Tabernacle","Noun","H168"
"אָרֹן","Aron","אָרַן","మందసము","Ark/Chest","Noun","H727"
"כַּפֹּרֶת","Kapporet","כָּפַר","కరుణాపీఠము","Mercy seat/Atonement cover","Noun","H3727"
"שַׁבָּת","Shabbat","שָׁבַת","విశ్రాంతిదినము","Sabbath","Noun","H7676"
"אוֹת","Ot","אוֹת","సూచన","Sign/Token","Noun","H226"
"קָדוֹשׁ","Kadosh","קָדַשׁ","పరిశుద్ధమైన","Holy/Sacred","Adjective","H6918"
"לוּחֹת","Luchot","לוּחַ","పలకలు","Tablets","Noun","H3871"
"אֶצְבַּע","Etzba","אֶצְבַּע","వ్రేలు","Finger","Noun","H676"
"מֹשֶׁה","Mosheh","משה","మోషే","Moses","Proper Noun","H4872"
"עַם","Am","עםם","ప్రజలు","People","Noun","H5971"
"בּוֹשֵׁשׁ","Boshesh","בוש","ఆలస్యం చేయుట","To delay","Verb","H954"
"קָהַל","Kahal","קהל","పోగు చేయుట / సమకూడుట","To assemble / gather","Verb","H6950"
"עֵגֶל","Egel","עגל","దూడ","Calf","Noun","H5695"
"זָהָב","Zahav","זהב","బంగారం","Gold","Noun","H2091"
"לוּחֹת","Luchot","לוח","పలకలు","Tablets","Noun","H3871"
"חַטָּאָה","Chattaah","חטא","పాపము","Sin","Noun","H2401"
"עָשָׂה","Asah","עשה","చేయుట","To make / do","Verb","H6213"
"שִׁחֵת","Shichet","שחת","చెడగొట్టుట / నాశనము చేయుట","To corrupt / destroy","Verb","H7843"
"קְשֵׁה-עֹרֶף","Qesheh-oreph","קשה / ערף","మొండితనముగల / లోబడని","Stiff-necked","Adjective","H7186 / H6203"
"נָחַם","Nacham","נחם","పశ్చాత్తాపపడుట / మనసు మార్చుకొనుట","To relent / repent","Verb","H5162"
"שָׁבַר","Shavar","שבר","పగులగొట్టుట","To break","Verb","H7665"
"קוֹל","Qol","קול","స్వరము / శబ్దము","Voice / Sound","Noun","H6963"
"מְחֹלֹת","Mecholot","מחול","నాట్యములు","Dances","Noun","H4246"
"נֶזֶם","Nezem","נזם","పోగు / ఆభరణము","Ring / Earring","Noun","H5141"
"מִכְתָּב","Mikhtav","כתב","రాత / లిఖితము","Writing","Noun","H4385"
"זָבַח","Zavach","זבח","బలి అర్పించుట","To sacrifice","Verb","H2076"
"אַף","Aph","אנף","కోపము","Anger / Nose","Noun","H639"
"חָרָה","Charah","חרה","రగులుకొనుట / కోపగించుకొనుట","To burn / kindle with anger","Verb","H2734"
"עָלָה","alah","עלה","వెళ్ళుట / పైకి వెళ్ళు","to go up / ascend","Verb","H5927"
"אֶרֶץ","erets","ארץ","దేశము / భూమి","land / earth","Noun","H776"
"נִשְׁבַּעְתִּי","nishba'ti","שׁבע","నేను ప్రమాణము చేశాను","I have sworn","Verb","H7650"
"מַלְאָךְ","mal’akh","לאך","దూత","messenger / angel","Noun","H4397"
"גָּרַשׁ","garash","גרש","వెళ్లగొట్టు","to drive out / cast out","Verb","H1644"
"זָבַת","zavat","זוב","ప్రవహించు","flowing","Verb","H2100"
"חָלָב","chalav","חלב","పాలు","milk","Noun","H2461"
"דְּבָשׁ","devash","דבש","తేనె","honey","Noun","H1706"
"אָבַל","aval","אבל","దుఃఖించు","to mourn","Verb","H56"
"עֲדִי","adi","עדה","ఆభరణము","ornament","Noun","H5716"
"אֹהֶל","ohel","אהל","గుడారము","tent","Noun","H168"
"מועֵד","mo'ed","יעד","ప్రత్యక్షపు (గుడారము) / నిమిత్రము","appointed time / meeting","Noun","H4150"
"מַחֲנֶה","machaneh","חנה","పాళెము","camp","Noun","H4264"
"עַמּוּד","ammud","עמד","స్తంభము","pillar","Noun","H5982"
"עָנָן","anan","ענן","మేఘము","cloud","Noun","H6051"
"פָּנִים","panim","פנה","ముఖము / సన్నిధి","faces / presence","Noun","H6440"
"רֵעַ","rea","רעה","స్నేహితుడు","friend / companion","Noun","H7453"
"חֵן","chen","חנן","కృప / దయ","grace / favor","Noun","H2580"
"יָדַע","yada","ידע","తెలుసుకొనుట","to know","Verb","H3045"
"דֶּרֶךְ","derekh","דרך","మార్గము","way / road","Noun","H1870"
"נוּחַ","nuach","נוח","విశ్రాంతినిచ్చుట","to rest / give rest","Verb","H5117"
"כָּבוֹד","kavod","כבד","మహిమ","glory / honor","Noun","H3519"
"טוּב","tuv","טוב","మేలు / మంచితనము","goodness","Noun","H2898"
"חָנַן","chanan","חנן","కనికరింతును","to be gracious","Verb","H2603"
"רָחַם","racham","רחם","జాలిపడుట / కరుణించుట","to show mercy / compassion","Verb","H7355"
"מָקוֹם","maqom","קום","స్థలము","place","Noun","H4725"
"צוּר","tsur","צור","బండ","rock","Noun","H6697"
"נִקְרָה","niqrah","נקר","తొర్ర / సందు","cleft / hollow","Noun","H5366"
"כַּף","kaph","כפף","చెయ్యి / అరచేయి","palm / hand","Noun","H3709"
"פסל","pasal","פסל","చెక్కు","to hew, cut","Verb","H6458"
"לֻחֹת","luchot","לוח","పలకలు","tablets","Noun","H3871"
"אֶבֶן","eben","אבן","రాయి","stone","Noun","H68"
"כָּתַב","katab","כתב","వ్రాయు","to write","Verb","H3789"
"בֹּקֶר","boker","בקר","ఉదయము","morning","Noun","H1242"
"הַר","har","הרר","పర్వతము","mountain","Noun","H2022"
"עָנָן","anan","ענן","మేఘము","cloud","Noun","H6051"
"רַחוּם","rachum","רחם","కనికరముగల","compassionate, merciful","Adjective","H7349"
"חַנּוּן","channun","חנן","కృపగల","gracious","Adjective","H2587"
"אֶרֶךְ","erek","ארך","దీర్ఘ","long, slow","Adjective","H750"
"אַפַּיִם","appayim","אף","కోపము (ముక్కురంధ్రములు)","anger, nostrils","Noun","H639"
"חֶסֶד","chesed","חסד","నిబంధన కృప","lovingkindness, steadfast love","Noun","H2617"
"אֱמֶת","emet","אמן","సత్యము","truth, faithfulness","Noun","H571"
"עָוֹן","avon","עוה","దోషము","iniquity, guilt","Noun","H5771"
"פֶּשַׁע","pesha","פשע","అపరాధము","transgression, rebellion","Noun","H6588"
"חַטָּאָה","chatta'ah","חטא","పాపము","sin","Noun","H2403"
"בְּרִית","berit","ברה","నిబంధన","covenant","Noun","H1285"
"נוֹרָא","nora","ירא","భీకరమైన","awesome, fearful","Adjective","H3372"
"מִזְבֵּחַ","mizbeach","זבח","బలిపీఠము","altar","Noun","H4196"
"קַנָּא","qanna","קנא","రోషముగల","jealous","Adjective","H7067"
"חַג","chag","חגג","పండుగ","festival, feast","Noun","H2282"
"שַׁבָּת","shabbat","שׁבת","విశ్రాంతి దినము","sabbath, rest","Noun","H7676"
"פָּדָה","padah","פדה","విమోచించు","to redeem","Verb","H6299"
"קָרַן","qaran","קרן","ప్రకాశించు","to shine, radiate","Verb","H7160"
"עוֹר","or","עור","చర్మము","skin","Noun","H5785"
"מַסְוֶה","masveh","סוה","ముసుగు","veil","Noun","H4533"
"דָּבָר","dabar","דבר","మాట లేదా విషయం","word or thing","Noun","H1697"
"מְלָאכָה","melakah","לאך","పని","work or occupation","Noun","H4399"
"שַׁבָּת","shabbat","שבת","విశ్రాంతి దినము","Sabbath","Noun","H7676"
"קֹדֶשׁ","qodesh","קדש","పరిశుద్ధత","holiness or sacredness","Noun","H6944"
"עֵדָה","edah","יעד","సమాజము","congregation or assembly","Noun","H5712"
"תְּרוּמָה","terumah","רום","అర్పణ","offering or contribution","Noun","H8641"
"זָהָב","zahab","זהב","బంగారము","gold","Noun","H2091"
"כֶּסֶף","kesep","כסף","వెండి","silver","Noun","H3701"
"נְחֹשֶׁת","nechoshet","נחש","ఇత్తడి","bronze or copper","Noun","H5178"
"מִשְׁכָּן","mishkan","שכן","మందిరము","tabernacle or dwelling place","Noun","H4908"
"אָרוֹן","aron","ארן","మందసము","ark or chest","Noun","H727"
"שֻׁלְחָן","shulchan","שלח","బల్ల","table","Noun","H7979"
"מְנֹרָה","menorah","נור","దీపస్తంభము","lampstand","Noun","H4501"
"קְטֹרֶת","qetoret","קטר","ధూపము","incense","Noun","H7004"
"חֲכַם-לֵב","chakam-leb","חכם / לבב","జ్ఞానహృదయముగల","wise-hearted","Adjective","H2450 / H3820"
"נָדִיב","nadib","נדב","ఉత్సాహముగల","willing or noble","Adjective","H5081"
"רוּחַ","ruach","רוח","ఆత్మ","spirit or breath","Noun","H7307"
"חָכְמָה","chokmah","חכם","జ్ఞానము","wisdom","Noun","H2451"
"בְּצַלְאֵל","Betsalel","צל / אל","బెసలేలు","Bezalel (In the shadow of God)","Proper Noun","H1212"
"אֶדֶן","eden","אדן","దిమ్మ","socket or base","Noun","H134"
"עָשָׂה","‘asah","עָשָׂה","చేయుట","to make, do, fashion","Verb","H6213"
"חָכָם","chakam","חָכַם","జ్ఞానముగల","wise, skilled, learned","Adjective","H2450"
"מְלָאכָה","melakah","לאך","పని / వృత్తి","work, craftsmanship, occupation","Noun","H4399"
"קֹדֶשׁ","qodesh","קָדַשׁ","పరిశుద్ధమైన","holiness, sanctuary, holy thing","Noun","H6944"
"יְרִיעָה","yeri‘ah","יָרַע","తెర / తెరచాప","curtain, tent-cloth","Noun","H3407"
"שֵׁשׁ","shesh","שֵׁשׁ","సన్ననార","fine linen","Noun","H8336"
"תְּכֵלֶת","tekelet","תְּכֵלֶת","నీలవర్ణము","blue, violet (material)","Noun","H8504"
"אַרְגָּמָן","’argaman","אַרְגָּמָן","ఊదా రంగు","purple","Noun","H713"
"כְּרוּב","kerub","כְּרוּב","కెరూబు","cherub","Noun","H3742"
"חָשַׁב","chashab","חָשַׁב","యోచించు / కల్పించు","to think, plan, design, weave","Verb","H2803"
"לֻלָאֹת","lula’ot","לֻלָאָה","ఉచ్చులు","loops","Noun","H3924"
"קֶרֶס","qeres","קָרַס","కొక్కెము","clasp, hook, gold tache","Noun","H7165"
"מִשְׁכָּן","mishkan","שָׁכַן","మందిరము / నివాసము","tabernacle, dwelling place","Noun","H4908"
"קֶרֶשׁ","qeresh","קָרַשׁ","పలక","board, plank","Noun","H7175"
"אֶדֶן","’eden","אָדַן","దిమ్మె / పీఠము","socket, base, pedestal","Noun","H134"
"בְּרִיחַ","beriyach","בָּרַח","గడియ","bar, crossbar","Noun","H1280"
"עַמּוּד","‘ammud","עָמַד","స్తంభము","pillar, column","Noun","H5982"
"צִפָּה","tsippah","צָפָה","పొదుగుట / పూత పూయుట","to overlay, cover","Verb","H6823"
"זָהָב","zahab","זָהָב","బంగారము","gold","Noun","H2091"
"נְחֹשֶׁת","nechoshet","נְחֹשֶׁת","రాగి / ఇత్తడి","bronze, copper, brass","Noun","H5178"
"וַיַּעַשׂ","Wayya'as","עָשָׂה","అతడు చేసెను","And he made","Verb","H6213"
"אָרוֹן","Aron","אָרַן","మందసము","Ark / Chest","Noun","H727"
"עֲצֵי שִׁטִּים","Atsey Shittim","עֵץ / שִׁטָּה","తుమ్మ కఱ్ఱ","Acacia wood","Noun","H6086 / H7848"
"זָהָב","Zahav","זָהָב","బంగారము","Gold","Noun","H2091"
"טָהוֹר","Tahor","טָהֵר","స్వచ్ఛమైన","Pure / Clean","Adjective","H2889"
"כַּפֹּרֶת","Kapporet","כָּפַר","కరుణాపీఠము","Mercy seat / Atonement cover","Noun","H3727"
"כְּרוּבִים","Keruvim","כְּרוּב","కెరూబులు","Cherubim","Noun","H3742"
"שֻׁלְחָן","Shulchan","שָׁלַח","బల్ల","Table","Noun","H7979"
"מְנֹרָה","Menorah","מָנוֹר","దీపవృక్షము / దీపస్తంభము","Lampstand","Noun","H4501"
"קָנֶה","Qaneh","קָנָה","కొమ్మ / శాఖ","Branch / Shaft","Noun","H7070"
"גְּבִיעִים","Gevi'im","גָּבִיעַ","గిన్నెలు","Cups / Bowls","Noun","H1375"
"מִזְבֵּחַ","Mizbeach","זָבַח","బలిపీఠము","Altar","Noun","H4196"
"קְטֹרֶת","Ketoret","קָטַר","ధూపము","Incense","Noun","H7004"
"שֶׁמֶן","Shemen","שָׁמַן","తైలము","Oil","Noun","H8081"
"מִשְׁחָה","Mishchah","מָשַׁח","అభిషేక","Anointing","Noun","H4888"
"מִזְבֵּחַ","mizbeach","זבח","బలిపీఠము","Altar","Noun","H4196"
"עֹלָה","olah","עלה","దహనబలి","Burnt offering","Noun","H5930"
"שִׁטִּים","shittim","שׁטה","తుమ్మ (కర్ర)","Acacia (wood)","Noun","H7848"
"נְחֹשֶׁת","nechoshet","נחשׁ","ఇత్తడి","Bronze / Copper","Noun","H5178"
"רֶשֶׁת","reshet","ירשׁ","జల్లెడ / వల","Grating / Net","Noun","H7568"
"כִּיּוֹר","kiyor","כור","గంగాళము / తొట్టి","Basin / Laver","Noun","H3595"
"מַרְאָה","mar'ah","ראה","అద్దము","Mirror","Noun","H4759"
"חָצֵר","chatzer","חצר","ఆవరణము","Court / Courtyard","Noun","H2691"
"עַמּוּד","ammud","עמד","స్తంభము","Pillar","Noun","H5982"
"אֶדֶן","eden","אדן","దిమ్మ / దిమ్మె","Base / Socket","Noun","H134"
"כֶּסֶף","kesef","כסף","వెండి","Silver","Noun","H3701"
"זָהָב","zahav","זהב","బంగారము","Gold","Noun","H2091"
"מִשְׁכָּן","mishkan","שׁכן","మందిరము / నివాసము","Tabernacle / Dwelling","Noun","H4908"
"פְּקוּדֵי","pequdei","פקד","లెక్కలు / వివరణాత్మక జాబితా","Accounts / Inventory","Noun","H6485"
"בְּצַלְאֵל","Betzalel","בצל","బెసలేలు","Bezalel (Proper Name)","Proper Noun","H1212"
"חָשַׁב","chashav","חשׁב","కల్పించుట / ఆలోచించుట","To devise / design","Verb","H2803"
"תְּכֵלֶת","techelet","תכלת","నీలవర్ణము","Blue (thread/fabric)","Noun","H8504"
"אַרְגָּמָן","argaman","ארגמן","ధూమ్రవర్ణము (ఊదా)","Purple","Noun","H713"
"מָסָךְ","masak","סכך","తెర","Screen / Covering","Noun","H4539"
"עָשָׂה","asah","עשׂה","చేయుట","To make / do","Verb","H6213"
"תְּכֵלֶת","tekhelet","תְּכֵלֶת","నీలవర్ణము","blue / violet","Noun","H8504"
"אַרְגָּמָן","argaman","אַרְגָּמָן","ఊదా రంగు","purple","Noun","H713"
"תּוֹלַעַת שָׁנִי","tola'at shani","שָׁנִי","రక్తవర్ణము","scarlet / crimson","Noun","H8144"
"בִּגְדֵי שְׂרָד","bigde serad","שְׂרָד","సేవా వస్త్రములు","garments of service / ministry garments","Noun","H8278"
"קֹדֶשׁ","qodesh","קָדַשׁ","పరిశుద్ధమైన","holy / sanctuary","Noun","H6944"
"אֵפוֹד","ephod","אָפַד","ఏఫోదు","ephod (priestly garment)","Noun","H646"
"זָהָב","zahav","זָהָב","బంగారము","gold","Noun","H2091"
"שֵׁשׁ","shesh","שֵׁשׁ","సన్ననార","fine linen","Noun","H8336"
"מָשְׁזָר","moshzar","שָׁזַר","పేనబడిన","twisted / twined","Adjective","H7806"
"חֹשֶׁן","hoshen","חֹשֶׁן","పదకము / రొమ్ముపతకం","breastplate","Noun","H2833"
"אֶבֶן","eben","אֶבֶן","రాయి / రత్నము","stone / gem","Noun","H68"
"מִעִיל","me'il","מָעַל","నిలువుటంగీ","robe / mantle","Noun","H4598"
"פַּעֲמֹן","pa'amon","פָּעַם","గంట","bell","Noun","H6472"
"רִמּוֹן","rimmon","רִמּוֹן","దానిమ్మపండు","pomegranate","Noun","H7416"
"מִצְנֶפֶת","mitznephet","צָנַף","పాగా","turban / mitre","Noun","H4701"
"כֻּתֹּנֶת","kuttonet","כָּתַן","అంగీ / చొక్కా","tunic / long coat","Noun","H3801"
"צִיץ","tsits","צוּץ","రేకు","shining plate / flower-like ornament","Noun","H6731"
"נֵזֶר","nezer","נָזַר","కిరీటము / ప్రతిష్ఠితము","crown / consecration / diadem","Noun","H5145"
"מְלָאכָה","melakah","לָאַךְ","పని / వృత్తి","work / craftsmanship / occupation","Noun","H4399"
"בָּרַךְ","barak","בָּרַךְ","దీవించుట","to bless","Verb","H1288"
"מִשְׁכָּן","Mishkan","שׁכן","నివాసస్థలము/మందిరము","Tabernacle/Dwelling place","Noun","H4908"
"אֹהֶל","Ohel","אהל","గుడారము","Tent","Noun","H168"
"מוֹעֵד","Moed","יעד","నిర్ణయించబడిన సమయము/కూటము","Appointed time/Meeting","Noun","H4150"
"אָרוֹן","Aron","ארה","మందసము","Ark/Chest","Noun","H727"
"עֵדֻת","Edut","עוד","సాక్ష్యము","Testimony","Noun","H5715"
"פָּרֹכֶת","Paroket","פרך","తెర","Veil/Curtain","Noun","H6532"
"שֻׁלְחָן","Shulchan","שׁלח","బల్ల","Table","Noun","H7979"
"מְנֹרָה","Menorah","נור","దీపవృక్షము","Lampstand","Noun","H4501"
"מִזְבֵּחַ","Mizbeach","זבח","బలిపీఠము","Altar","Noun","H4196"
"כִּיּוֹר","Kiyor","כור","గంగాళము/తొట్టి","Laver/Basin","Noun","H3595"
"חָצֵר","Chatzer","חצר","ఆవరణము","Courtyard/Enclosure","Noun","H2691"
"מָשַׁח","Mashach","משׁח","అభిషేకించు","To anoint","Verb","H4886"
"קָדַשׁ","Kadash","קדשׁ","ప్రతిష్టించు/పరిశుద్ధపరచు","To sanctify/consecrate","Verb","H6942"
"כָּהַן","Kahan","כהן","యాజకత్వము చేయు","To serve as a priest","Verb","H3547"
"עָנָן","Anan","ענן","మేఘము","Cloud","Noun","H6051"
"כָּבוֹד","Kavod","כבד","మహిమ","Glory/Honor","Noun","H3519"
"שָׁכַן","Shakan","שׁכן","నివసించు","To dwell/settle","Verb","H7931"
"מַסַּע","Massa","נסע","ప్రయాణము","Journey/Stage","Noun","H4550"